issue_type,issue_count,avg_sla_hours
Bug,237,37.379746835443036
Story,290,35.57931034482758
Task,277,38.931407942238266
