assignee_name,issue_count,avg_sla_hours
Adyna,148,37.013513513513516
Francinne,175,37.93142857142857
Gionni Lucio,175,39.10857142857143
Guilherme Francisco,157,37.27388535031847
Matheus Malta,149,34.557046979865774
